점포명,주소,전화번호
영업부,서울특별시 중구 을지로 79,02-729-6114
동대문,서울특별시 종로구 종로 189,02-745-8753~7
상계역,서울특별시 노원구 덕릉로 688,02-936-0088
삼양동,서울특별시 강북구 솔샘로 253,02-989-0158~9
방학동,서울특별시 도봉구 도봉로 683,02-3492-4813~6
염창동,서울특별시 강서구 양천로 588,02-3664-3813~6
장위동,서울특별시 성북구 화랑로 237,02-915-4133
종암동,서울특별시 성북구 종암로 108,02-913-0773~5
돈암동,서울특별시 성북구 아리랑로 3,02-924-3103~5
신정동,서울특별시 양천구 신월로 291,02-2607-7102~7
면목동,서울특별시 중랑구 겸재로 154,02-434-7046~7
답십리,서울특별시 동대문구 천호대로 233,02-2212-9717~20
회기역(출),서울특별시 동대문구 망우로 46,02-966-7903
청량리역,서울특별시 동대문구 홍릉로 1,02-966-8917
신설동,서울특별시 동대문구 왕산로 6,02-926-0323~5
장안동,서울특별시 동대문구 답십리로 276,02-2245-5963
불광역,서울특별시 은평구 통일로 725,02-388-0541~7
종로6가,서울특별시 종로구 종로 266,02-2265-3695~7
종로,서울특별시 종로구 종로 104,02-2273-9212~6
인사동,서울특별시 종로구 인사동5길 25,02-739-5583~6
군자역,서울특별시 광진구 천호대로 579,02-446-8593~6
성수희망,서울특별시 성동구 아차산로 153,02-464-8714~5
성수동,서울특별시 성동구 연무장7길 16,"02-499-8003~4,5~7"
워커힐,서울특별시 광진구 아차산로 635,02-458-1432
장한평역,서울특별시 성동구 자동차시장1길 73,02-2249-6297~8
신당역,서울특별시 중구 퇴계로 439,02-2234-6107~9
청계5가,서울특별시 중구 청계천로 206-1,02-2273-3893~5
퇴계로,서울특별시 중구 퇴계로 235,02-2267-9616~9
을지로,서울특별시 중구 마른내로 72,02-2266-4196~7
무교,서울특별시 중구 무교로 20,02-777-1183~7
남대문시장,서울특별시 중구 남대문로 12,02-755-8233~7
남대문,서울특별시 중구 세종대로 17,02-777-7063~5
서소문,서울특별시 중구 서소문로 120,02-756-9203~9
청계8가,서울특별시 동대문구 청계천로 471,02-2294-3423~4
연희동,서울특별시 서대문구 연희로 141,02-333-0333~4
신촌,서울특별시 서대문구 신촌로 67,02-333-6375~6
아현역,서울특별시 서대문구 북아현로 22,02-313-3923~5
북가좌동,서울특별시 서대문구 응암로 107,02-302-7484~6
마포,서울특별시 마포구 마포대로 114,02-712-0083~5
서교동,서울특별시 마포구 월드컵로 59,02-335-5663~6
신수동,서울특별시 마포구 서강로 105,02-323-1034~5
목동사거리,서울특별시 강서구 등촌로 29,02-2653-3023~7
등촌역,서울특별시 양천구 공항대로 556,02-2644-7013~7
마곡신방화역,서울특별시 강서구 방화대로 294,02-2661-3983
오목교역,서울특별시 양천구 오목로 325,02-2646-9922~3
테헤란로,서울특별시 강남구 테헤란로 132,02-553-1315~8
이태원,서울특별시 용산구 이태원로27나길 40,02-796-1583~5
용산,서울특별시 용산구 한강대로 264-1,02-792-0073~6
용산중앙,서울특별시 용산구 녹사평대로 240,02-793-9833
압구정동,서울특별시 강남구 논현로 868,02-547-0413~5
천호동,서울특별시 강동구 천호대로 1033,02-479-0916~7
논현역,서울특별시 강남구 학동로 110,02-548-4156~9
잠실,서울특별시 송파구 오금로 91,02-418-4922~3
언주로,서울특별시 강남구 도산대로 307,02-544-9157~8
강남역,서울특별시 서초구 서초대로77길 17,02-3481-2713~6
선릉역,서울특별시 강남구 테헤란로 328,02-566-9179
서초동,서울특별시 서초구 사평대로 369,02-549-9145~7
반포,서울특별시 서초구 반포대로 291,02-591-0152~4
강남구청역,서울특별시 강남구 선릉로 648,02-545-8173~5
잠실엘스,서울특별시 송파구 올림픽로 119,02-421-0724~5
서울대역,서울특별시 관악구 남부순환로 1794,02-875-9943~6
노량진,서울특별시 동작구 장승배기로 128,"02-812-6933~5,6970"
사당역,서울특별시 동작구 동작대로 27,02-582-3133
방배동,서울특별시 서초구 효령로34길 4,02-582-8158
신림동,서울특별시 관악구 남부순환로 1440,02-852-7783~7
신길동,서울특별시 영등포구 도신로60길 1,02-833-7713~5
영등포,서울특별시 영등포구 영중로 13,02-2678-0151
구로동,서울특별시 구로구 디지털로32길 55,02-858-7103~5
시흥동,서울특별시 금천구 시흥대로 236,02-802-1403~4
독산하이테크,서울특별시 금천구 두산로 70,02-867-9986~8
개봉동,서울특별시 구로구 개봉로 60,02-2684-0173~6
여의도,서울특별시 영등포구 여의나루로 81,02-783-8033~7
문래동,서울특별시 영등포구 도림로128길 2,02-2675-8761~4
고척동,서울특별시 구로구 경인로 397,02-2684-8363~4
목동신트리,서울특별시 양천구 중앙로 181,02-2688-2781~5
청계7가,서울특별시 중구 청계천로 400,02-2231-8113~6
독립문개인스마트,서울특별시 종로구 통일로 246-10,02-739-4927~8
길동,서울특별시 강동구 천호대로 1139,02-484-2353~5
당산동,서울특별시 영등포구 영신로 220,02-2632-4831
부전동,부산광역시 부산진구 중앙대로 735,051-816-3303~7
부산,부산광역시 중구 중앙대로 88,051-245-6757~9
연산역,부산광역시 연제구 중앙대로 1138,051-868-2183~5
동래,부산광역시 금정구 부곡로 1,051-517-5782~4
사상,부산광역시 사상구 사상로 158,051-313-6113~8
부산진,부산광역시 동구 중앙대로 489,051-646-5283~5
부산역,부산광역시 동구 중앙대로 193,051-467-0193~5
부평동,부산광역시 중구 흑교로 5,051-244-8914~6
영도,부산광역시 영도구 남항서로 138,051-416-0183~6
개금동,부산광역시 부산진구 가야대로 418,051-894-1124~5
금사공단,부산광역시 금정구 개좌로 5,051-526-4773~7
수영역,부산광역시 수영구 수영로 668,051-754-3443
하단역,부산광역시 사하구 낙동남로 1400,051-291-8361~2
수안역개인스마트,부산광역시 동래구 충렬대로 225,051-526-0153~5
사직동,부산광역시 동래구 사직북로 4,051-867-7813~6
온수역,서울특별시 구로구 부일로 869,02-2625-2211~2
역곡,경기도 부천시 경인로 516,032-344-8003~5
만수동,인천광역시 남동구 백범로 173,032-464-0283~4
인덕원,경기도 안양시 동안구 흥안대로 533,031-424-3723~4
수원,경기도 수원시 팔달구 정조로 759,031-241-5164~8
의정부,경기도 의정부시 시민로 21,031-850-4311
성남,경기도 성남시 수정구 산성대로 277,031-742-0052~4
부천,경기도 부천시 신흥로 167,032-329-5533~7
주안공단,인천광역시 부평구 백범로577번길 20,032-578-5984~7
인천,인천광역시 중구 개항로 35,032-764-5083~6
안양,경기도 안양시 만안구 안양로 345,031-443-3972~3
평택,경기도 평택시 중앙로 15,031-655-9133
부평,인천광역시 부평구 부흥로 353,032-517-8233~8
반월,경기도 안산시 단원구 동산로 63,031-599-7900~4
석암,인천광역시 미추홀구 경원대로 869,032-420-1505~8
구리,경기도 구리시 안골로 105,"031-562-5982,5984~5"
청천동,인천광역시 부평구 마장로 406,032-529-1451~3
소사,경기도 부천시 경인로 386,032-346-6858~9
안산,경기도 안산시 단원구 화랑로 107,031-484-0143~4
춘천,강원도 춘천시 금강로 45,033-242-5133~6
강릉,강원도 강릉시 경강로 2087,033-641-1793~6
원주,강원도 원주시 원일로 107,033-742-3103
역삼중앙,서울특별시 강남구 역삼로 114,02-557-7491~2
삼성역,서울특별시 강남구 테헤란로 625,02-561-1803~6
송파,서울특별시 송파구 송파대로 422,02-419-3079
노원역,서울특별시 노원구 노해로 489,02-939-3813~5
청주산남,충청북도 청주시 서원구 산남로 32,043-253-6263~5
충주,충청북도 충주시 중앙로 70,043-843-2023~5
제천,충청북도 제천시 의림대로 254,043-644-3103
가산디지털중앙,서울특별시 금천구 가산디지털2로 98,02-2026-8988
선유도역,서울특별시 영등포구 양평로25길 8,02-2632-0516
문래중앙,서울특별시 영등포구 선유로 49,02-2671-0352
대전,대전광역시 서구 둔산남로 112,042-488-8163~5
서대전,대전광역시 중구 계백로 1719,042-535-8993~5
천안,충청남도 천안시 동남구 버들로 16,041-551-2107~9
구로중앙,서울특별시 구로구 구로중앙로 215,02-2631-5323~7
명동역,서울특별시 중구 퇴계로 109,02-775-4703~5
대림동,서울특별시 영등포구 대림로 195,02-849-0703
서대구밸리,대구광역시 서구 와룡로 307,053-559-2123~5
범어동,대구광역시 수성구 달구벌대로 2426,053-744-5194
대구,대구광역시 중구 국채보상로 488,053-253-0853~7
대구중앙,대구광역시 중구 경상감영길 221,053-422-2361~4
비산동,대구광역시 서구 서대구로 376-1,053-351-4113~9
구미,경상북도 구미시 수출대로 124,054-463-4074~5
포항,경상북도 포항시 북구 중앙로 265,054-247-2306~7
경주,경상북도 경주시 화랑로 146,054-742-1553-5
안동,경상북도 안동시 중앙로 23,054-854-3133~4
경산,경상북도 경산시 남매공원로1길 9,053-811-3973~5
평리동,대구광역시 서구 서대구로 206,053-559-5981~6
송현동,대구광역시 달서구 구마로 212,053-625-9917~8
도당동,경기도 부천시 신흥로 347,032-675-8273~4
성남하이테크,경기도 성남시 중원구 둔촌대로457번길 8,031-743-3387
송탄,경기도 평택시 관광특구로 23,031-662-9773
광명,경기도 광명시 철산로 28,02-2689-0816~7
수원시청(출),경기도 수원시 팔달구 효원로 241,031-236-2064
시흥,경기도 시흥시 비둘기공원4길 13,"031-318-6231~6,6243"
석남동,인천광역시 서구 거북로 89,032-571-3632~3
동마산,경상남도 창원시 마산회원구 봉양로 133,055-292-5913~4
울산,울산광역시 남구 중앙로 248,052-272-1803
마산,경상남도 창원시 마산합포구 해안대로 323,055-246-3173~5
진주,경상남도 진주시 진주대로 1052,055-741-2033~4
통영,경상남도 통영시 정동2길 63,055-644-4304~9
창원,경상남도 창원시 성산구 용지로 38,055-285-7713~5
양산,경상남도 양산시 중앙로 216,055-383-1103~5
김천,경상북도 김천시 김천로 74,054-439-3203~5
전주,전북특별자치도 전주시 완산구 팔달로 163,063-284-6823
익산,전북특별자치도 익산시 무왕로 1195,"063-832-6907,6908"
군산,전북특별자치도 군산시 중앙로 191,063-443-0413~6
정읍,전북특별자치도 정읍시 중앙로 72,063-531-4114~5
호계동,경기도 안양시 동안구 엘에스로 92,031-479-5003
평택고덕,경기도 평택시 고덕여염로 118,031-667-7930~1
봉선동,광주광역시 남구 대남대로 219,062-671-1683~4
서광주,광주광역시 서구 죽봉대로 76,062-362-8395~8
광주,광주광역시 동구 금남로 156,062-223-0013~6
동광주,광주광역시 북구 동문대로 152,062-230-9900
목포,전라남도 목포시 비파로 96,"061-284-7830,7840"
순천,전라남도 순천시 장선배기길 6-4,061-726-5063~6
여수,전라남도 여수시 통제영5길 6,061-662-5113~5
김해,경상남도 김해시 김해대로 2367,055-334-3303~7
학장동,부산광역시 사상구 학장로 187,051-325-8004
초읍동,부산광역시 부산진구 성지로 94,051-809-7328
제주,제주도 제주시 중앙로 286,064-722-4185~6
서귀포,제주도 서귀포시 일주동로 8671,064-733-3803~4
안암동,서울특별시 성북구 안암로 119,02-928-0853~4
구로사랑,서울특별시 구로구 구로중앙로 60,02-838-9901
공릉동,서울특별시 노원구 공릉로 147,02-973-0116~8
신대방역,서울특별시 관악구 조원로 128,02-864-7903
석수역,서울특별시 금천구 시흥대로 46,02-808-0275~7
홍대역,서울특별시 마포구 양화로 148,02-333-0113~4
수색,서울특별시 은평구 수색로 256,02-303-0773~4
대치역,서울특별시 강남구 남부순환로 2936,02-563-6453
중화동,서울특별시 중랑구 동일로 847,02-976-8886
약수동,서울특별시 중구 다산로 112,02-2233-9523~4
오류동,서울특별시 구로구 경인로 187,02-2619-2503~4
석촌고분역,서울특별시 송파구 삼학사로 48,02-414-8233~5
서초남,서울특별시 서초구 서초중앙로 63,02-585-0143~5
삼성동,서울특별시 강남구 봉은사로 303,02-548-3705
성수2가,서울특별시 성동구 동일로 81,02-467-1755~7
독산중앙,서울특별시 금천구 가산로 78,02-853-5013~6
서여의도,서울특별시 영등포구 은행로 30,02-785-2908~9
MBC,서울특별시 마포구 성암로 267,02-785-2039
검단,인천광역시 서구 검단로 480,032-562-6723.6725~6
광산,광주광역시 광산구 무진대로 240,062-940-0400
대곡,대구광역시 달서구 도원로 15,053-638-4903~4
남구로,서울특별시 구로구 구로동로 126-2,02-858-1813~5
송내역,경기도 부천시 부일로 203,"032-325-0184,9841~2"
반월대로,경기도 안산시 단원구 별망로 424,031-491-9945~9
작전역,인천광역시 계양구 계양대로 82,032-542-1243~4
평촌,경기도 안양시 동안구 시민대로 290,031-386-0963~5
교대역,서울특별시 서초구 서초대로 275,02-594-4815~7
영주,경상북도 영주시 구성로 417,054-634-4302
마들역,서울특별시 노원구 동일로 1527,02-950-0320
김포,경기도 김포시 중구로 11,031-984-8853~5
논산,충청남도 논산시 중앙로 395,041-734-0952~4
용인,경기도 용인시 처인구 중부대로 1294,031-336-8324~5
이천,경기도 이천시 이섭대천로 1334,031-632-0773~5
경안,경기도 광주시 광주대로 30,031-765-3904
성서공단,대구광역시 달서구 성서공단로 126,053-583-3063~5
청담동,서울특별시 강남구 도산대로 446,02-515-1853
방이역,서울특별시 송파구 마천로5길 4,02-404-4105~6
신평동,부산광역시 사하구 신산로 169,051-204-2411~4
대연동,부산광역시 남구 수영로 312,051-627-9287~9
양재동,서울특별시 서초구 마방로10길 25,02-578-0812~5
원종동,경기도 부천시 소사로 708,032-676-8818
범천동,부산광역시 부산진구 신암로 141,051-647-9963
남동산단,인천광역시 남동구 남동대로239번길 72-19,032-815-6023
주안,인천광역시 미추홀구 주염로 58,032-865-8593
신사동,서울특별시 강남구 도산대로 139,"02-511-5804,5910"
소사본동,경기도 부천시 소사동로 82,032-342-0322~3
대학로,서울특별시 종로구 동숭길 101,02-744-0375~6
구미형곡,경상북도 구미시 신시로 69,054-455-0352
포항남,경상북도 포항시 남구 포스코대로 369,054-281-1658~9
마장동,서울특별시 성동구 마장로 309,02-2298-6716
용산전자,서울특별시 용산구 청파로20길 34,02-703-2146
진주상평,경상남도 진주시 대신로 310,055-758-2289~90
동수원,경기도 수원시 팔달구 권광로 213,031-239-6571
장림동,부산광역시 사하구 장림번영로 44,051-264-7013~5
파주,경기도 파주시 중앙로 328,031-944-4325~7
당진,충청남도 당진시 당진중앙2로 103-8,041-355-8933~5
청주,충청북도 청주시 흥덕구 1순환로 598,043-272-6273
춘의테크노,경기도 부천시 부천로198번길 18,032-623-0792~5
일곡,광주광역시 북구 설죽로 500,"062-572-6446,5271~2"
포천,경기도 포천시 중앙로 139,031-535-8993~5
응암동,서울특별시 은평구 은평로 210,02-382-2259
이수역,서울특별시 서초구 동작대로 134,"02-596-0462-3,0365"
서전주,전북특별자치도 전주시 완산구 홍산로 245,063-224-0313
과천,경기도 과천시 별양상가1로 13,02-504-6366~8
광명하안로,경기도 광명시 하안로 287,02-894-7672~3
구로디지털중앙,서울특별시 구로구 디지털로 242,02-2621-2444~6
왜관,경상북도 칠곡군 왜관읍 중앙로 208,054-973-6103~5
수유사거리,서울특별시 강북구 덕릉로 82,02-902-4843
가양동,서울특별시 강서구 강서로 468,02-3661-8879
팔용동,경상남도 창원시 의창구 팔용로 420,"055-299-8502,8563~4"
평촌범계역,경기도 안양시 동안구 시민대로 132,031-429-4062
신제주,제주도 제주시 연북로 17,"064-744-2338,2335"
공릉역,서울특별시 노원구 동일로 1073,02-949-4839
광명역,경기도 광명시 일직로 43,02-897-8793~5
목동쉐르빌,서울특별시 양천구 목동동로 189,02-2655-2072~3
광양,전라남도 광양시 오류로 52,061-791-7313~4
가락동,서울특별시 송파구 중대로 97,02-449-8524~6
고잔중앙,경기도 안산시 단원구 고잔2길 59,031-402-8587
서초3동,서울특별시 서초구 효령로 210,02-598-2484~5
군산수송,전북특별자치도 군산시 수송북로 7,"063-467-2262,6752~3"
월배,대구광역시 달서구 월배로 138,"053-634-9870,9872~3"
권선구청(출),경기도 수원시 권선구 호매실로 12,031-292-5600
아산,충청남도 아산시 아산로 79,041-544-7631
시흥유통센터,서울특별시 금천구 시흥대로 97,02-808-2879
송내동,경기도 부천시 경인로 124,032-657-1983~5
원천동,경기도 수원시 영통구 신원로 306,031-216-4211~2
무역센터,서울특별시 강남구 테헤란로 501,02-538-8377
송도,인천광역시 연수구 앵고개로 80,"032-833-4407,4458"
김포통진,경기도 김포시 통진읍 마송1로84번길 90,"031-988-6916,6918"
분당야탑역,경기도 성남시 분당구 성남대로 926,031-707-0073~4
한티역,서울특별시 강남구 선릉로 332,02-508-3983
상록수,경기도 안산시 상록구 본삼로 49,031-418-0253
울산중앙,울산광역시 남구 삼산로 205,052-271-2067~8
구의동,서울특별시 광진구 아차산로 456,02-3436-2106~7
장안구청(출),경기도 수원시 장안구 송원로 101,031-251-4041
팔달구청(출),경기도 수원시 팔달구 창룡대로 23,031-248-3181
인천서구청역,인천광역시 서구 서곶로 293,032-561-1617~9
남수원,경기도 수원시 권선구 세권로 157,031-239-0434~6
산본역,경기도 군포시 번영로 505,031-391-9575~6
안성,경기도 안성시 장기로 8,031-673-7132~4
천안쌍용,충청남도 천안시 서북구 봉명로 34,041-571-3350
대덕공단,대전광역시 대덕구 대덕대로 1397,042-931-8492
성서,대구광역시 달서구 이곡공원로 12,"053-585-6433,6426~7"
속초,강원도 속초시 청학로 37,033-636-4183
동해,강원도 동해시 중앙로 229,033-532-4613~5
동시화,경기도 안산시 단원구 지원로 107,031-432-4013~4
남원,전북특별자치도 남원시 남문로 462,063-626-0143~4
일산마두,경기도 고양시 일산동구 중앙로 1168,031-906-5702~4
시화공단,경기도 시흥시 공단1대로 229,031-432-7011
연수,인천광역시 연수구 청능대로 210,032-811-0586
여천,전라남도 여수시 선소로 80,061-685-0785
영천,경상북도 영천시 완산로 64,054-330-9401
장산역,부산광역시 해운대구 세실로 64,051-703-4295
양산덕계,경상남도 양산시 번영로 13,055-366-6313~5
계산역,인천광역시 계양구 경명대로 1102,032-552-9432~4
분당서현역,경기도 성남시 분당구 황새울로360번길 29,031-708-6213~5
역삼남,서울특별시 강남구 도곡로 182,02-577-3955
생기원(출),충청남도 천안시 서북구 입장면 양대기로길 89,041-585-8121
울산송정,울산광역시 북구 화산로 109,052-287-7452~5
일산주엽,경기도 고양시 일산서구 중앙로 1406,031-922-3202~4
조치원,세종특별자치시 조치원읍 새내14길 7,044-866-0074~5
하남,경기도 하남시 하남대로 843,031-796-1105
선부동,경기도 안산시 단원구 선부광장1로 92,031-414-3053~4
구미3공단,경상북도 구미시 3공단2로 331,054-473-8902~4
반월중앙,경기도 안산시 단원구 동산로 57,031-493-6012~4
계양서운산단,인천광역시 계양구 서운산단로1길 19,032-554-5613~7
군포,경기도 군포시 군포로 512,031-455-8362~4
하남공단,광주광역시 광산구 하남산단8번로 169,062-958-5902~4
안산중앙,경기도 안산시 단원구 적금로 126,031-414-6101
영통,경기도 수원시 영통구 덕영대로 1541,031-206-2702~3
대구유통단지,대구광역시 북구 유통단지로 16,053-604-0713~5
대전중앙로,대전광역시 중구 중앙로 116,042-242-0093~4
남동2단지,인천광역시 남동구 앵고개로 526,032-822-7183~5
김해중앙,경상남도 김해시 내외중앙로 55,055-328-9813~5
녹산공단,부산광역시 강서구 녹산산단289로 25,051-831-2257~8
인천산업유통센터,인천광역시 동구 방축로37번길 30,032-589-6207
구로디지털,서울특별시 구로구 디지털로31길 19,02-867-0343~5
오산,경기도 오산시 성호대로 129,031-376-9974~5
대전오정로,대전광역시 대덕구 오정로 92,042-638-6170~1
부천테크노,경기도 부천시 삼작로 22,032-621-1244
금호동,광주광역시 서구 금화로 96,062-682-6214.8538
화정역,경기도 고양시 덕양구 화정로 53,031-968-8413~4
구월동,인천광역시 남동구 선수촌공원로17번길 28,032-437-5213~5
대구3공단,대구광역시 북구 노원로 175,"053-355-6920,21,23"
양주,경기도 양주시 평화로 1565,031-866-3027~8
상수도사업소(출),경기도 수원시 장안구 광교산로 119,031-232-9944
대덕대로,대전광역시 서구 대덕대로 400,042-471-2542
도곡팰리스,서울특별시 강남구 언주로 122,02-2057-9831~2
한국기술센터(출),서울특별시 강남구 테헤란로 305,02-6009-3400~1
화성남양,경기도 화성시 남양읍 시청로 3,"031-355-7512~4,7826~8"
서시화,경기도 시흥시 옥구천동로 130,031-496-8646~8
일산장항,경기도 고양시 일산동구 장항로 291,031-905-0951~2
녹산중앙,부산광역시 강서구 녹산산단335로 12-3,051-832-0172~3
송우,경기도 포천시 소흘읍 솔모루로 18-1,031-541-6195~6
상동역,경기도 부천시 상동로 87,032-328-8633~4
경기테크노파크,경기도 안산시 상록구 해안로 705,031-500-4200
신고잔,경기도 안산시 단원구 광덕대로 145,031-475-3133~6
일산덕이,경기도 고양시 일산서구 하이파크2로 79-1,031-810-1102~6
양주광적,경기도 양주시 광적면 삼일로 11,031-837-6603~4
김포대곶,경기도 김포시 대곶면 율마로 13,031-996-0062~3
천안중앙,충청남도 천안시 서북구 쌍용대로 234,041-592-4703~6
영통구청(출),경기도 수원시 영통구 효원로 407,031-214-2288
시화중앙,경기도 시흥시 정왕천로 197,031-434-7393
화성발안,경기도 화성시 향남읍 삼천병마로 194,031-359-9303
일산중앙,경기도 고양시 일산동구 중앙로 1317,031-932-2792~5
분당미금역,경기도 성남시 분당구 성남대로 165,031-726-7174~6
화성병점,경기도 화성시 효행로 1041,031-267-3695~6
분당파크뷰,경기도 성남시 분당구 정자일로 248,031-783-2502~5
군포공단,경기도 군포시 고산로 166,031-459-8703~5
송도테크노파크,인천광역시 연수구 갯벌로 12,032-260-1237~8
도당중앙,경기도 부천시 부천로 323,032-678-2512~4
수원도로교통관리사업소(출),경기도 수원시 권선구 서부로 1600,031-239-6571
강동구청역,서울특별시 강동구 성내로6길 11,02-478-7248
포승공단,경기도 평택시 포승읍 평택항로 180,031-686-5803
테헤란로중앙,서울특별시 강남구 테헤란로 416,02-2052-0172~4
가산디지털역,서울특별시 금천구 가산디지털1로 168,02-2026-5544
상무,광주광역시 서구 상무중앙로 114,062-383-4602~3
강남대로,서울특별시 서초구 강남대로 305,02-3472-8600
죽전,경기도 용인시 기흥구 죽전로 47,031-896-4132~3
성서3차단지,대구광역시 달서구 성서공단북로 158,053-591-1874~5
갈산역,인천광역시 부평구 부평대로 283,032-623-6313~5
강서중앙,서울특별시 강서구 공항대로 411,"02-3663-7575,5782~3"
곤지암,경기도 광주시 곤지암읍 경충대로 770,031-798-5775
의왕,경기도 의왕시 경수대로 257,031-450-6602∼5
분당정자역,경기도 성남시 분당구 성남대로331번길 8,031-782-3932~4
수지동천역,경기도 용인시 수지구 신수로 767,031-270-4901
천안불당,충청남도 천안시 서북구 불당21로 67-12,041-569-2300~4
인천원당,인천광역시 서구 원당대로 852,032-569-0903~5
가좌공단,인천광역시 서구 봉수대로 167,032-584-0873~4
호평,경기도 남양주시 늘을2로14번길 5,031-559-6114~5
삼정동,경기도 부천시 오정로 47,032-683-3922~3
정관,부산광역시 기장군 정관읍 산단1로 98-5,051-727-8343
파주출판도시(출),경기도 파주시 회동길 145,031-957-2837
오창,충청북도 청주시 청원구 오창읍 중심상업로 51-6,043-217-1435
파주교하,경기도 파주시 청석로 272,031-949-8693~5
여의도중앙,서울특별시 영등포구 여의나루로 61,02-3276-5463~5
우장산역개인스마트,서울특별시 강서구 강서로 242,02-2699-1703~4
중계동WM센터,서울특별시 노원구 중계로 206,02-939-3585~7
천천동(출),경기도 수원시 장안구 덕영대로 559,031-248-8902
화성정남,경기도 화성시 정남면 서봉로 1104,031-366-1500~2
용인동백,경기도 용인시 기흥구 구성로 357,031-693-6963~6
전주서신동,전북특별자치도 전주시 완산구 온고을로 29,063-273-9661~3
아산탕정,충청남도 아산시 탕정면 한들물빛도시로 88,041-531-8901~3
문산,경기도 파주시 문산읍 사임당로 18,031-954-5802~4
반월유통단지,경기도 안산시 단원구 산단로 348,031-494-7946~8
덕천동,부산광역시 북구 금곡대로 15,051-361-9323~5
음성,충청북도 음성군 대소면 대금로 286,043-881-8100
평촌남,경기도 안양시 동안구 흥안대로 415,031-478-5792~7
뚝섬역,서울특별시 성동구 성수일로 55,02-2205-2053
가산동,서울특별시 금천구 가산디지털2로 184,"02-868-4232~4,7"
사상공단,부산광역시 사상구 사상로 363,051-305-5744~6
대덕테크노밸리,대전광역시 유성구 테크노4로 107,042-671-6662~3
센텀시티,부산광역시 해운대구 센텀동로 9,051-744-6072~5
화성봉담,경기도 화성시 봉담읍 삼천병마로 1268,031-278-2112~4
김해장유,경상남도 김해시 삼문로 15,055-314-5203~5
일산풍동,경기도 고양시 일산동구 숲속마을로 44,031-932-8446~7
창원공단,경상남도 창원시 의창구 창원대로363번길 22-57,055-276-9254
진접,경기도 남양주시 진접읍 해밀예당1로 36,031-527-0082
오포,경기도 광주시 오포읍 오포로 531,"031-765-9506,8200"
보라매,서울특별시 동작구 보라매로5가길 24,02-842-0057
성남테크노,경기도 성남시 중원구 사기막골로 124,031-745-4784~5
일산병원(출),경기도 고양시 일산동구 일산로 100,031-906-5713
분당수내역,경기도 성남시 분당구 황새울로 216,031-786-1462~4
서산,충청남도 서산시 호수공원1로 22,041-668-3781~5
칠곡,대구광역시 북구 칠곡중앙대로 411,053-314-9890~2
포항공단,경상북도 포항시 남구 철강로 362,054-278-4623~6
화성팔탄,경기도 화성시 팔탄면 푸른들판로 661-3,031-366-3704~6
울산무거동,울산광역시 남구 북부순환도로 45,052-222-6142~5
원효로,서울특별시 용산구 원효로 142,02-706-6682~4
명학,경기도 안양시 만안구 안양로 111,031-448-1137
양재역,서울특별시 서초구 강남대로 216,"02-3462-6494~6,8"
양평동,서울특별시 영등포구 선유로 146,"02-2628-0907~8,0911"
가산퍼블릭,서울특별시 금천구 디지털로 178,02-2083-8806
지사공단,부산광역시 강서구 과학산단1로60번길 32,051-941-4324~7
구미4공단,경상북도 구미시 산동면 산호대로41길 5,054-473-4673~5
경산공단,경상북도 경산시 진량읍 공단6로24길 17,053-851-7000
평동공단,광주광역시 광산구 평동산단로 209,062-946-1642~3
동탄중앙,경기도 화성시 동탄반석로 156,031-613-9833~4
평촌아크로타워,경기도 안양시 동안구 시민대로 230,031-478-7802~6
문래하이테크,서울특별시 영등포구 경인로 775,02-3667-3473~6
학동역,서울특별시 강남구 학동로 177,02-3448-0833~5
목동WM센터,서울특별시 양천구 목동동로 401,02-2061-4593
일산웨스턴돔,경기도 고양시 일산동구 정발산로 24,031-931-5202~4
용인서천동,경기도 용인시 기흥구 서천로127번길 3-3,031-273-7095
화성마도,경기도 화성시 마도면 마도공단로 256,031-357-4926~7
남동중앙,인천광역시 남동구 논현고잔로109번길 70-7,032-441-3403~5
양산서창,경상남도 양산시 삼호1길 59,055-363-2173~5
북천안,충청남도 천안시 서북구 직산읍 봉주로 58,041-585-8900
파주광탄,경기도 파주시 광탄면 혜음로1141번길 3,031-8071-1503~5
남원주,강원도 원주시 봉화로 16,033-743-5500
거제,경상남도 거제시 거제중앙로31길 19,055-634-3403~5
인천논현,인천광역시 남동구 논고개로123번길 35,032-438-7713~5
김해진영,경상남도 김해시 진영읍 김해대로361번길 16,055-346-4030~1
독산역,서울특별시 금천구 가산디지털1로 2,02-2027-2853~5
나사렛대학교(출),충청남도 천안시 서북구 월봉로 48,041-572-8424
옥천,충청북도 옥천군 옥천읍 문장로 72-1,043-733-6447~8
유성,대전광역시 유성구 계룡로 114,042-826-8143~5
신안산대학교(가변),경기도 안산시 단원구 신안산대학로 135,031-491-8551~2
달성공단,대구광역시 달성군 논공읍 논공중앙로33길 7-9,053-617-5101~2
마산내서,경상남도 창원시 마산회원구 내서읍 광려천동로 12-10,055-231-7093~5
화성장안,경기도 화성시 장안면 3.1만세로 365,031-358-8594~6
오산남,경기도 오산시 남부대로 327,031-378-6793
새만금,전북특별자치도 군산시 산단남북로 169,063-471-9462~3
둔촌동개인스마트,서울특별시 강동구 양재대로 1317,02-482-7502~3
구로삼성IT,서울특별시 구로구 디지털로33길 27,02-2028-2171~3
평택비전동,경기도 평택시 경기대로 271,031-658-6192~4
언주역,서울특별시 강남구 봉은사로 179,02-545-4327~9
동두천,경기도 동두천시 동두천로 115,031-859-6154~6
강남대기업금융센터,서울특별시 강남구 강남대로 390,02-2046-1002~1020
본부대기업금융센터,서울특별시 중구 을지로 82,02-729-7676
방배중앙,서울특별시 서초구 방배로 226,02-3482-4136~8
마포중앙,서울특별시 마포구 마포대로 53,"02-717-7903, 7994"
울산호계,울산광역시 북구 호계로 332-1,052-286-7904~5
해운대역,부산광역시 해운대구 해운대로 601,051-744-7184~5
시화철강단지,경기도 시흥시 서해안로 81-44,031-8041-9802~6
동탄테크노밸리,경기도 화성시 동탄영천로 150,031-8003-3102~4
동탄테크노타워,경기도 화성시 동탄첨단산업1로 27,031-8003-8103
김해삼계,경상남도 김해시 해반천로130번길 39,055-313-7913~5
외동공단,경상북도 경주시 외동읍 내외로 10,"054-746-4960~4,6,7"
대불공단,전라남도 영암군 삼호읍 나불로 206,061-463-1137
태전동,경기도 광주시 고불로 90,031-798-8224~7
부천쌍용3차,경기도 부천시 석천로 397,032-624-2583~5
동부이촌동WM센터,서울특별시 용산구 이촌로 182,02-792-6722~4
양산중부,경상남도 양산시 양산역1길 2,055-384-1320~4
왜관공단,경상북도 칠곡군 왜관읍 공단로4길 18-12,"054-977-3500,3160~1"
진천,충청북도 진천군 진천읍 중앙북1길 3,043-537-9113~5
파주헤이리,경기도 파주시 탄현면 평화로 885-24,031-8071-3473~6
국민건강보험공단(출),강원도 원주시 건강로 32,033-760-6920
일산MBC드림센터(출),경기도 고양시 일산동구 호수로 596,031-907-3903
반월하이테크,경기도 안산시 단원구 산단로 278,031-494-3905
남양주,경기도 남양주시 가운로 2,"031-553-2082~3,2093"
김해상동,경상남도 김해시 상동면 상동로 879,055-312-8173~5
인천삼산,인천광역시 부평구 길주로 623,032-363-2163~6
수원고색,경기도 수원시 권선구 오목천로152번길 40,031-278-1091
안산외국인금융센터,경기도 안산시 단원구 중앙대로 462,031-508-3032
구로유통단지,서울특별시 구로구 경인로53길 8,02-2672-7913~5
역삼역,서울특별시 강남구 논현로 418,02-3454-1685~6
영통대로,경기도 수원시 영통구 봉영로 1620,031-204-3756~8
영통신동,경기도 수원시 영통구 신원로 88,031-695-5873~4
다사,대구광역시 달성군 다사읍 대실역남로 2,053-593-6780~4
대구국가산업단지,대구광역시 달성군 구지면 달성2차로 125,053-611-0712~4
시화옥구,경기도 시흥시 서해안로 242,031-8041-3102~5
아산테크노밸리,충청남도 아산시 둔포면 중앙공원로 2,041-543-8325
일산성석,경기도 고양시 일산동구 성현로 163,031-977-9502~4
호서대학교(출),충청남도 아산시 배방읍 호서로79번길 20,041-549-6911~4
남동인더스파크,인천광역시 남동구 은청로 30,032-822-2503~6
시흥능곡,경기도 시흥시 승지로59번길 8,031-435-1740~2
경민대학(가변),경기도 의정부시 서부로 545,031-871-7901
반포자이WM센터,서울특별시 서초구 잠원로 24,02-3482-9831~4
반월공단,경기도 안산시 단원구 산단로 296,031-491-6103~9
김포산단,경기도 김포시 양촌읍 황금로 117,031-996-9805~7
강남구청,서울특별시 강남구 학동로 429,02-515-4488
명지국제신도시,부산광역시 강서구 명지국제8로 230,051-271-7602~4
김포장기,경기도 김포시 김포한강4로 113,031-985-8151~5
언양,울산광역시 울주군 언양읍 동문길 21,052-263-9013~5
광주첨단,광주광역시 북구 첨단과기로 313,062-973-4736~8
흥덕,경기도 용인시 기흥구 흥덕1로 13,031-217-7965~6
가산IT밸리,서울특별시 금천구 가산디지털2로 53,02-860-3680
천안아산역,충청남도 천안시 서북구 광장로 215,041-567-6163~8
가산디지털,서울특별시 금천구 가산디지털1로 145,02-2624-0581~4
서초중앙,서울특별시 서초구 효령로 321,02-591-2615~8
서판교,경기도 성남시 분당구 운중로 131,031-8017-0383~6
공덕동,서울특별시 마포구 마포대로 163,02-2174-4000~6
송도GCF,인천광역시 연수구 아트센터대로 175,032-859-4800
창원상남,경상남도 창원시 성산구 마디미서로 54,055-261-4163~4
광주수완,광주광역시 광산구 장신로 140,062-962-6503~5
공도,경기도 안성시 공도읍 공도로 132,031-653-4372~4
성남디지털,경기도 성남시 중원구 갈마치로288번길 14,031-750-0271
광명테크노,경기도 광명시 하안로 60,02-6112-3004~6
파주운정,경기도 파주시 책향기로 836,031-8071-5324~6
한성대학교(출),서울특별시 성북구 삼선교로16길 116,02-745-2611~3
광화문,서울특별시 종로구 새문안로 58,02-735-6826~7
오송,충청북도 청주시 흥덕구 오송읍 오송생명로 186,043-234-7304
평촌테크노,경기도 안양시 동안구 시민대로 401,031-426-2564~6
동울산,울산광역시 동구 방어진순환도로 775,052-201-3173~5
동아대학교의료원(출),부산광역시 서구 대신공원로 26,051-241-3942~4
하남풍산,경기도 하남시 조정대로 150,031-790-4072~4
도곡WM센터,서울특별시 강남구 남부순환로 2806,02-578-6911
시화공단WM센터,경기도 시흥시 공단1대로 229,031-433-4652~3
창원WM센터,경상남도 창원시 성산구 용지로 38,055-289-1173~4
울산WM센터,울산광역시 남구 삼산로 205,052-256-7951~2
한남동WM센터,서울특별시 용산구 한남대로 72,02-3425-4033
정왕동,경기도 시흥시 마유로 320,031-433-8338
양주고읍,경기도 양주시 고읍남로 6-6,031-856-8834~5
발안산단,경기도 화성시 향남읍 발안공단로2길 38,031-366-0962~3
마석,경기도 남양주시 화도읍 창현로 63,031-591-4673
남시화,경기도 안산시 단원구 번영1로 65,031-499-9825~9
인천항,인천광역시 중구 서해대로 296,032-889-1291~5
순천향대학교 천안병원(출),충청남도 천안시 동남구 순천향6길 31,041-579-1391
순천향대학교 서울병원(출),서울특별시 용산구 대사관로 59,02-796-9902~5
화성송산,경기도 화성시 송산면 사강로 161,"031-8047-5196,9"
대천,충청남도 보령시 보령남로 17,041-936-3140~4
여의도IFC,서울특별시 영등포구 국제금융로 10,02-6137-9966
평촌IT,경기도 안양시 동안구 학의로 282,031-463-4133~6
판교테크노밸리,경기도 성남시 분당구 대왕판교로 660,031-783-0870~1
광교,경기도 용인시 수지구 광교중앙로 338,031-261-0671~7
울산남외동,울산광역시 중구 번영로 590,052-293-2683~5
상암동,서울특별시 마포구 성암로 189,02-375-8073~7
대저동,부산광역시 강서구 유통단지1로 76,051-941-5921~5
세종,세종특별자치시 한누리대로 492,044-868-2904~5
가산테크노,서울특별시 금천구 서부샛길 606,02-861-8851~5
광교중앙,경기도 수원시 영통구 센트럴타운로 15,031-220-8300
반월기업금융센터,경기도 안산시 단원구 동산로 63,031-412-0740~8
남동기업금융센터,인천광역시 남동구 은청로 30,032-810-9430
하남센텀,경기도 하남시 조정대로 45,031-728-7601
인천청라,인천광역시 서구 청라커낼로 252,032-590-0602
이동점포(U-IBK3호) ,서울특별시 중구 을지로 79,
검단산업단지,인천광역시 서구 원당대로 87,032-569-5403
극지연구소(가변),인천광역시 연수구 송도미래로 26,032-830-2900
한국산업단지공단,대구광역시 동구 첨단로 39,053-980-0100~2
시화,경기도 시흥시 정왕천로 155,031-389-4001
반월성곡,경기도 안산시 단원구 성곡로 176,031-599-2400
안전보건공단(출),울산광역시 중구 종가로 400,052-290-0300
동여의도,서울특별시 영등포구 국제금융로 52,02-3775-5101
인천서부산단,인천광역시 서구 호두산로 92,032-590-5301
삼송테크노,경기도 고양시 덕양구 통일로 140,02-3146-7301
나주혁신도시,전라남도 나주시 빛가람로 727,061-339-0801
부천내동,경기도 부천시 삼작로 155,032-620-1501
문정법조타운,서울특별시 송파구 법원로11길 7,02-3400-6100~1
성서4차단지,대구광역시 달서구 월곡로99길 45,053-605-5001
마곡발산역,서울특별시 강서구 공항대로 261,02-2630-0801
시화MTV,경기도 시흥시 시화벤처로 212,031-460-8801
동탄역,경기도 화성시 동탄대로 489,031-350-7871
반월MTV,경기도 안산시 단원구 엠티브이5로 27,031-8086-8401
위례,경기도 성남시 수정구 위례광장로 104,031-725-8901
인천북항,인천광역시 서구 북항로32번안길 8,032-560-6951
주안공단중앙,인천광역시 서구 가좌로 54,032-570-9211
강남센트럴WM센터,서울특별시 강남구 강남대로 390,02-2046-1071
일산WM센터,경기도 고양시 일산동구 중앙로 1168,031-960-4710~1
남동사랑,인천광역시 남동구 앵고개로 448,032-850-8801
미음산단,부산광역시 강서구 미음산단로295번길 10,051-979-6401
부산WM센터,부산광역시 해운대구 센텀남대로 50,051-749-0601
대구WM센터,대구광역시 수성구 달구벌대로 2426,053-760-0971
판교WM센터,경기도 성남시 분당구 대왕판교로 660,031-776-1401
천안WM센터,충청남도 아산시 배방읍 고속철대로 151,041-539-5601
광주WM센터,광주광역시 서구 상무중앙로 58,062-380-5100
오산세교,경기도 오산시 수목원로88번길 35,031-350-7821
구로동기업금융센터,서울특별시 구로구 디지털로32길 55,02-2081-4091
남동산단미래,인천광역시 남동구 호구포로 189,032-810-9461
시화공단기업금융센터,경기도 시흥시 공단1대로 229,031-489-1511
남동산단비전,인천광역시 남동구 남동대로 353,032-810-9481
반월중앙기업금융센터,경기도 안산시 단원구 동산로 57,031-479-8881
호계중앙,경기도 안양시 동안구 엘에스로 122,031-479-8871
동수원기업금융센터,경기도 수원시 팔달구 권광로 213,031-210-1851
평촌중앙,경기도 안양시 동안구 시민대로 260,031-478-7780
창원중앙,경상남도 창원시 성산구 중앙대로 42,055-260-9951
성서공단기업금융센터,대구광역시 달서구 성서공단로 126,053-580-9321
녹산중앙기업금융센터,부산광역시 강서구 녹산산단335로 12-3,051-610-6941
남동2단지기업금융센터,인천광역시 남동구 앵고개로 526,032-810-9491
김해기업금융센터,경상남도 김해시 김해대로 2367,055-310-5411
하남공단중앙,광주광역시 광산구 하남산단6번로 57,062-958-5946
구미첨단타워,경상북도 구미시 산호대로 253,054-460-9391
울산공업탑,울산광역시 남구 문수로 482,052-220-9941
녹산공단기업금융센터,부산광역시 강서구 녹산산단289로 25,051-610-6951
부천기업스마트,경기도 부천시 정주로 53,032-680-8921
김포산단중앙,경기도 김포시 양촌읍 황금로 274번길 4,031-999-0731
반월원시역,경기도 안산시 단원구 별망로 555,031-599-7991
비산동기업금융센터,대구광역시 서구 서대구로 376-1,053-350-7611
서시화기업금융센터,경기도 시흥시 옥구천동로 130,031-8085-2191
사상디지털밸리,부산광역시 사상구 대동로 304,051-660-5201
성서공단희망,대구광역시 달서구 성서로 329,053-580-9331
김해산단,경상남도 김해시 금관대로 1065,055-310-9511
성수화양,서울특별시 성동구 아차산로17길 48,02-2094-7421
남동산단WM센터,인천광역시 남동구 은청로 30,032-830-5440
평촌WM센터,경기도 안양시 동안구 시민대로 290,031-478-7770
청주율량,충청북도 청주시 청원구 충청대로 114,043-299-1901
판교제2테크노밸리,경기도 성남시 수정구 창업로 54,031-730-9991
천안산단,충청남도 천안시 서북구 업성3길 7,041-620-4991
천안청수,충청남도 천안시 동남구 청수14로 102,041-589-2601
평촌기업스마트,경기도 안양시 동안구 벌말로 66,031-478-7790
신장림역,부산광역시 사하구 다대로 328,051-200-1841
화성시청역,경기도 화성시 남양읍 화성시청역로 36,031-210-2930
화성왕림,경기도 화성시 봉담읍 삼천병마로 890,031-210-2941
창원대로,경상남도 창원시 의창구 차룡로 48번길 44,055-250-0921
SK자동차복합단지(출),경기도 수원시 권선구 평동로 79번길 45,031-239-6571
도이치자동차복합단지(출),경기도 수원시 권선구 권선로 308-5,031-210-2950
반월기업스마트,경기도 안산시 단원구 산단로 325,031-599-2431
부평기업스마트,인천광역시 부평구 부평대로 337,032-520-9091
시흥매화산단,경기도 시흥시 매화산단2길 15,031-599-2441
김포하성,경기도 김포시 하성면 월하로 736,031-599-2451
남동기업스마트,인천광역시 남동구 은봉로 55,032-457-4231
화성기업스마트,경기도 화성시 정남면 서봉로 1006-4,031-599-2461
경산기업스마트,경상북도 경산시 와촌면 지식산업2로8길 21,053-859-1991
구리갈매,경기도 구리시 갈매순환로166번길 46,031-560-5390
완주산단,전북특별자치도 완주군 삼례읍 삼봉7로 22,063-280-6390
계양(출),인천광역시 계양구 용종로 2,032-554-5717
송도하이테크,인천광역시 연수구 송도과학로16번길 13-46,032-830-2981
용인테크노밸리,경기도 용인시 처인구 이동읍 덕성산단2로6번길 30,031-329-2110
용인중앙시장(출),경기도 용인시 처인구 금령로 64,031-329-2121
육군훈련소(출),충청남도 논산시 연무읍 마산리 636,041-740-1601
수성알파시티,대구광역시 수성구 알파시티1로 265,053-760-0961
화성향남,경기도 화성시 향남읍 발안로 815, 031-350-7891
